id,imie,nazwisko,wiek,miasto
1,Fabian,Dyszkiewicz,58,Środa Wielkopolska
2,Marcin,Nazarewicz,54,Toruń
3,Wiktor,Szarpak,31,Zduńska Wola
4,Aniela,Rosołek,43,Gniezno
5,Fryderyk,Kłosowicz,48,Gliwice
6,Monika,Szkoda,70,Tychy
7,Sylwia,Lipowicz,67,Wejherowo
8,Natan,Bałazy,51,Ostrowiec Świętokrzyski
9,Dariusz,Mądrzak,32,Opole
10,Iwo,Trybała,64,Kościerzyna
11,Dorota,Browarczyk,58,Jaworzno
12,Filip,Bochnia,29,Legnica
13,Nicole,Grzywnowicz,70,Tczew
14,Przemysław,Żołnierczyk,42,Wyszków
15,Antoni,Wiekiera,68,Jaworzno
16,Julianna,Mielcarz,23,Białystok
17,Juliusz,Janowiak,24,Wągrowiec
18,Kacper,Kuban,68,Lubin
19,Oskar,Jany,49,Zamość
20,Jerzy,Tatarczuk,65,Dzierżoniów
21,Maks,Trzop,61,Śrem
22,Liwia,Marko,52,Szczecinek
23,Julian,Kubanek,19,Tarnobrzeg
24,Adrian,Skotarczak,33,Brzeg
25,Karina,Wasyluk,30,Ełk
26,Albert,Dziób,51,Jawor
27,Gustaw,Cyman,20,Mława
28,Szymon,Piestrzeniewicz,66,Cieszyn
29,Klara,Tutka,68,Łuków
30,Przemysław,Górnisiewicz,32,Myszków
31,Marika,Mironiuk,65,Sopot
32,Inga,Pachla,32,Oświęcim
33,Patryk,Klos,39,Szczecinek
34,Liwia,Barłóg,37,Płock
35,Krzysztof,Gładka,50,Nowy Dwór Mazowiecki
36,Damian,Melka,18,Tychy
37,Natan,Wlaźlak,33,Nysa
38,Anastazja,Gregorek,29,Stargard Szczeciński
39,Rafał,Kafel,18,Mysłowice
40,Jan,Pusz,18,Olkusz
41,Ernest,Sałuda,59,Włocławek
42,Julita,Cudzich,35,Stargard Szczeciński
43,Marcel,Rajczyk,37,Biłgoraj
44,Ada,Och,20,Brodnica
45,Gustaw,Irla,54,Koło
46,Ignacy,Rosołek,54,Bielsko-Biała
47,Julian,Gospodarek,52,Rzeszów
48,Kajetan,Langa,36,Czeladź
49,Julita,Żelazek,21,Łódź
50,Maurycy,Garbacik,34,Mysłowice
51,Angelika,Kuncewicz,57,Kraków
52,Sonia,Maciejuk,56,Lubartów
53,Tola,Chojak,51,Puławy
54,Tobiasz,Kozubal,23,Nowa Sól
55,Ryszard,Rząca,54,Gliwice
56,Dawid,Masłoń,30,Jarosław
57,Ksawery,Szelest,49,Kołobrzeg
58,Robert,Kopciuch,33,Pabianice
59,Szymon,Niemira,62,Malbork
60,Cezary,Minkiewicz,42,Nysa
61,Gabriel,Pacholczak,61,Ciechanów
62,Antoni,Ratka,19,Kielce
63,Alan,Gamoń,19,Ząbki
64,Przemysław,Wydrych,68,Szczecin
65,Ida,Pleskot,70,Kętrzyn
66,Ryszard,Wicha,32,Gniezno
67,Kacper,Sztuczka,39,Ciechanów
68,Paweł,Szyma,31,Gniezno
69,Inga,Sajda,61,Lublin
70,Konrad,Zagożdżon,56,Ełk
71,Maciej,Męcik,37,Poznań
72,Marcelina,Lisoń,44,Grudziądz
73,Andrzej,Tułacz,41,Oława
74,Mikołaj,Szpara,18,Legnica
75,Rafał,Bereś,62,Chorzów
76,Urszula,Jędraszczyk,42,Bochnia
77,Blanka,Rusiniak,54,Konin
78,Sebastian,Pyć,19,Kędzierzyn-Koźle
79,Grzegorz,Mirgos,49,Świebodzice
80,Aniela,Tomalak,24,Lublin
81,Fryderyk,Wendt,20,Zabrze
82,Oskar,Małys,27,Jawor
83,Rafał,Nieszporek,60,Luboń
84,Klara,Lizurej,18,Iława
85,Julian,Warchał,43,Rybnik
86,Marianna,Rutowicz,18,Płońsk
87,Mateusz,Janduła,49,Biała Podlaska
88,Juliusz,Roskosz,48,Czechowice-Dziedzice
89,Tymoteusz,Pyzel,40,Kielce
90,Agnieszka,Manista,43,Olkusz
91,Jacek,Senger,37,Krotoszyn
92,Olaf,Graboń,42,Olkusz
93,Marianna,Sydor,61,Oświęcim
94,Cyprian,Kosak,29,Ruda Śląska
95,Łukasz,Szeszko,41,Ząbki
96,Ewa,Kornak,19,Bielsko-Biała
97,Kajetan,Wolan,22,Będzin
98,Aniela,Gaś,38,Czechowice-Dziedzice
99,Albert,Kurtyka,18,Jastrzębie-Zdrój
100,Liwia,Nieradko,41,Ostrów Wielkopolski
